path,bce,dice,total
../data/train/4407228657868624139,0.0005,0.095,0.0956
../data/train/4673900806996948520,0.0041,0.095,0.0991
../data/train/1263059953038311441,0.0008,0.0951,0.0959
../data/train/1551919511178597278,0.0009,0.0951,0.096
../data/train/6808554589916160921,0.0002,0.0951,0.0953
../data/train/8600083587655035552,0.0004,0.0951,0.0955
../data/train/5913668717246725061,0.0,0.0952,0.0952
../data/train/7517718955774882372,0.0002,0.0952,0.0954
../data/train/8643809311593380746,0.0005,0.0953,0.0958
../data/train/8231494216954548256,0.0008,0.0953,0.0961
../data/train/3564468928339576682,0.0018,0.0954,0.0972
../data/train/3295699627097472529,0.0002,0.0954,0.0956
../data/train/6586602310562989755,0.0001,0.0954,0.0955
../data/train/3669450838967556875,0.0007,0.0955,0.0962
../data/validation/5632263304846263118,0.0002,0.0955,0.0956
../data/train/9095447318245566483,0.001,0.0955,0.0965
../data/train/380037884918002537,0.0002,0.0955,0.0957
../data/train/4787945863125722949,0.0015,0.0956,0.0971
../data/train/8454868909280620249,0.0002,0.0957,0.0959
../data/validation/7203764113486871112,0.0003,0.0957,0.096
../data/train/1304081861778169989,0.0006,0.0957,0.0963
../data/validation/2328100931109621914,0.0013,0.0958,0.0971
../data/train/8524090447079474665,0.0027,0.0958,0.0985
../data/train/8604271809538769043,0.0016,0.0959,0.0975
../data/train/3218259825010582940,0.0003,0.0961,0.0963
../data/train/5341965974826720072,0.0018,0.0964,0.0981
../data/validation/3467281921546597615,0.0004,0.0964,0.0967
../data/train/2257719020134941567,0.0008,0.0965,0.0974
../data/train/3856388860479456869,0.0004,0.0966,0.0969
../data/train/7709239005704184793,0.0004,0.0966,0.097
../data/train/5137678487478866252,0.0001,0.0966,0.0967
../data/train/455101963456015523,0.0005,0.0966,0.0971
../data/train/4928358925462774589,0.0031,0.0967,0.0999
../data/validation/5483054799339096716,0.0007,0.0967,0.0974
../data/train/2125226138631055963,0.0002,0.0967,0.0969
../data/train/2476270775526546597,0.0001,0.0967,0.0968
../data/train/3589834565482008466,0.0002,0.0968,0.0971
../data/train/1946214930856348667,0.0002,0.0968,0.097
../data/train/7397187466344906249,0.0025,0.0968,0.0993
../data/train/1292159236758380068,0.0004,0.0969,0.0973
../data/train/4438881092301895664,0.0002,0.0969,0.0971
../data/train/5254229228801362641,0.0006,0.0969,0.0974
../data/train/5473098352012196080,0.0012,0.097,0.0982
../data/train/6140718402126197883,0.0003,0.097,0.0973
../data/train/1217720713971985927,0.0005,0.097,0.0974
../data/train/8894072877516938686,0.0004,0.097,0.0974
../data/train/1895313378253532591,0.0006,0.0971,0.0977
../data/train/4078317914730337876,0.0,0.0971,0.0971
../data/train/8762711548653673640,0.0011,0.0971,0.0981
../data/train/6293931601155326755,0.0004,0.0972,0.0975
../data/validation/5236303681123658418,0.0011,0.0972,0.0983
../data/train/139474040382920694,0.0003,0.0972,0.0975
../data/train/698014234242367829,0.0008,0.0972,0.098
../data/train/3300848841428176436,0.0,0.0972,0.0973
../data/train/631482636015639139,0.0001,0.0972,0.0974
../data/train/3130062170334213440,0.0004,0.0973,0.0977
../data/train/5773032751526493654,0.0001,0.0973,0.0974
../data/train/5444185206942894271,0.0001,0.0973,0.0974
../data/train/5928050149220582380,0.0003,0.0974,0.0977
../data/train/5461137288532942273,0.0003,0.0974,0.0977
../data/train/6692262202703254298,0.0008,0.0974,0.0982
../data/train/7791368350189926067,0.0004,0.0975,0.0979
../data/train/2965473829674304138,0.0002,0.0975,0.0978
../data/train/4849682861277881825,0.0003,0.0975,0.0978
../data/train/7246110804324533585,0.0005,0.0975,0.098
../data/train/3856041716068992557,0.0006,0.0976,0.0982
../data/train/5716256781861320181,0.0003,0.0976,0.0979
../data/train/2065557933296877752,0.0014,0.0976,0.099
../data/train/1538379551980087334,0.0012,0.0977,0.0989
../data/train/3921796449897399666,0.0005,0.0977,0.0982
../data/train/7913751391036110680,0.0005,0.0977,0.0982
../data/train/2676972723895285971,0.0019,0.0978,0.0997
../data/validation/1328922767110227719,0.0004,0.0979,0.0983
../data/train/7283253556434494749,0.0002,0.0979,0.0981
../data/train/318299254414699164,0.003,0.0979,0.1009
../data/train/5977657710028342160,0.0009,0.0979,0.0988
../data/train/2177018971198860623,0.0012,0.098,0.0993
../data/train/8649981721039655688,0.002,0.098,0.1
../data/train/1894804347384595758,0.0,0.098,0.098
../data/train/3049049343851762970,0.0004,0.098,0.0984
../data/train/2104597158772601366,0.0,0.098,0.098
../data/train/6191521660435195798,0.0003,0.098,0.0983
../data/train/2321727227670591776,0.0,0.098,0.098
../data/train/350651577793344790,0.0001,0.098,0.0981
../data/train/1629200351576302538,0.0002,0.098,0.0982
../data/train/279137789896555176,0.0,0.0981,0.0981
../data/train/4326863872205320288,0.0001,0.0981,0.0982
../data/train/5546308936767215863,0.0005,0.0981,0.0986
../data/train/8873003259531671831,0.0003,0.0982,0.0984
../data/train/6382652482016507744,0.0006,0.0982,0.0989
../data/train/5672572661728457064,0.0002,0.0982,0.0984
../data/train/3180082754435041962,0.0001,0.0982,0.0983
../data/train/2796026569460436355,0.0001,0.0982,0.0983
../data/train/4390543925742222249,0.0002,0.0982,0.0984
../data/train/3489418897931168469,0.0003,0.0982,0.0985
../data/train/656421177149425032,0.0005,0.0983,0.0989
../data/train/172111922464475075,0.0002,0.0983,0.0986
../data/train/5373323485135022051,0.0003,0.0983,0.0986
../data/train/539368597884344495,0.0015,0.0984,0.0998
../data/train/8485051746608266325,0.0001,0.0984,0.0984
../data/train/3794710721255209399,0.0025,0.0984,0.1009
../data/train/8285330656088652394,0.0005,0.0984,0.0988
../data/train/3321456975426401647,0.0041,0.0984,0.1025
../data/train/6473559118584918276,0.0001,0.0985,0.0986
../data/train/1835370550445815924,0.0001,0.0985,0.0986
../data/train/5628846445154361728,0.0002,0.0985,0.0988
../data/train/8468496940273326793,0.0002,0.0985,0.0987
../data/validation/2227191393870283612,0.0005,0.0985,0.099
../data/train/2134339731803568962,0.0,0.0985,0.0985
../data/train/5034295077480112382,0.0019,0.0985,0.1004
../data/train/818592333836887845,0.0006,0.0985,0.0992
../data/train/7511694510744837340,0.0002,0.0985,0.0987
../data/validation/3562125792514048914,0.0002,0.0986,0.0988
../data/train/845292174029346583,0.0008,0.0986,0.0994
../data/train/363027814421482965,0.0001,0.0986,0.0987
../data/train/12856243943391336,0.0023,0.0986,0.1009
../data/train/7211352097238028628,0.0007,0.0986,0.0993
../data/validation/3931313547827714319,0.0006,0.0986,0.0993
../data/train/3659925267047886033,0.0004,0.0987,0.0991
../data/train/929664762844071148,0.0022,0.0987,0.1009
../data/train/5894419764671251994,0.0001,0.0987,0.0988
../data/train/4872267800095843228,0.0002,0.0987,0.0989
../data/train/5013764917217465079,0.0005,0.0987,0.0992
../data/train/7463581782792558426,0.0001,0.0988,0.0989
../data/train/5306006915856499290,0.0008,0.0988,0.0996
../data/train/6076039653894588248,0.0001,0.0988,0.0989
../data/train/7071534655101888039,0.0007,0.0988,0.0996
../data/train/7721421368945700452,0.0001,0.0988,0.0989
../data/train/8438286845763647331,0.0,0.0988,0.0988
../data/train/9121683696665181196,0.0004,0.0988,0.0991
../data/validation/706992543889496814,0.001,0.0988,0.0998
../data/train/5268512737720935075,0.0002,0.0988,0.099
../data/train/6064567039316281729,0.0001,0.0989,0.099
../data/train/6186586744379428099,0.0,0.0989,0.0989
../data/train/193104800146016358,0.0002,0.0989,0.0992
../data/train/7522614206256115828,0.0002,0.0989,0.0991
../data/train/729296624707819152,0.0007,0.0989,0.0996
../data/train/4610860492294413855,0.0002,0.0989,0.0991
../data/train/5342071121899737841,0.0002,0.0989,0.0991
../data/train/864169722288728282,0.0006,0.0989,0.0995
../data/train/5020799800052656848,0.0004,0.0989,0.0994
../data/train/650874282444801959,0.0003,0.0989,0.0992
../data/train/7454134597763201897,0.0004,0.0989,0.0994
../data/train/5661101448251193565,0.0001,0.0989,0.099
../data/train/2361352675855554694,0.0002,0.0989,0.0991
../data/validation/884880028148035615,0.0078,0.099,0.1068
../data/train/6776941746964522738,0.0001,0.099,0.0991
../data/train/2713429638684684442,0.0008,0.099,0.0999
../data/train/1185356420099333444,0.0003,0.099,0.0993
../data/train/2145671903659465963,0.0002,0.099,0.0992
../data/train/4497892884596922473,0.0001,0.099,0.0991
../data/train/3479785503273228376,0.0002,0.099,0.0992
../data/train/8401717915296572895,0.0013,0.099,0.1003
../data/train/1315734485480600130,0.0001,0.099,0.0991
../data/train/8815599855221910458,0.0003,0.099,0.0992
../data/train/4643129664574703323,0.0002,0.099,0.0992
../data/train/5386447833647095179,0.0003,0.099,0.0993
../data/train/2598966158272425920,0.0007,0.099,0.0997
../data/train/6733907163647070244,0.0001,0.099,0.0991
../data/train/2997127845852899263,0.0,0.099,0.0991
../data/validation/1562881522787928319,0.0003,0.099,0.0994
../data/train/72894783356975938,0.0006,0.099,0.0996
../data/train/5747024955383921098,0.0003,0.099,0.0993
../data/train/3583425919843225092,0.0002,0.099,0.0992
../data/validation/2451683684010163216,0.0002,0.099,0.0992
../data/train/9103304508868546791,0.0,0.0991,0.0991
../data/train/3792616743302437772,0.0003,0.0991,0.0994
../data/train/2112884664786107593,0.0002,0.0991,0.0993
../data/train/8606878127218473332,0.0009,0.0991,0.0999
../data/train/7360828585567620978,0.0001,0.0991,0.0991
../data/train/4151573703390915260,0.0001,0.0991,0.0992
../data/train/6888017373996083539,0.0,0.0991,0.0991
../data/train/6724951087663906049,0.0,0.0991,0.0991
../data/train/7757263543012202646,0.0001,0.0991,0.0991
../data/validation/7560225076846116914,0.0003,0.0991,0.0994
../data/train/7616409760019588146,0.0002,0.0991,0.0994
../data/train/2402399912575598675,0.0,0.0991,0.0991
../data/train/8452587547451073596,0.0003,0.0991,0.0994
../data/train/4199737011978515294,0.0002,0.0991,0.0993
../data/train/1040554858290084174,0.0001,0.0991,0.0992
../data/train/542974788524732735,0.0,0.0991,0.0991
../data/train/3122826672243066938,0.0001,0.0991,0.0991
../data/train/5006339225287679,0.0004,0.0991,0.0995
../data/train/567014498055101270,0.0002,0.0991,0.0993
../data/train/8083329457101989693,0.0001,0.0991,0.0992
../data/train/8526266427846284169,0.0003,0.0991,0.0994
../data/train/6031223686766776438,0.0002,0.0991,0.0993
../data/train/4256418072858207022,0.0004,0.0991,0.0995
../data/train/3373902203411354555,0.0003,0.0991,0.0994
../data/train/4211570485021813821,0.0,0.0991,0.0991
../data/train/5899556803869511752,0.0003,0.0992,0.0995
../data/train/9126832203264505985,0.0001,0.0992,0.0993
../data/train/740772686253302059,0.0004,0.0992,0.0996
../data/train/1792185471112829169,0.0,0.0992,0.0993
../data/train/8249000443363682898,0.0,0.0992,0.0992
../data/train/3344732217019454999,0.0001,0.0992,0.0993
../data/train/2579385812837508355,0.0001,0.0992,0.0993
../data/train/9083673549117623690,0.0002,0.0992,0.0994
../data/train/8323652785593936760,0.0001,0.0992,0.0993
../data/train/1955673690361239253,0.0,0.0992,0.0992
../data/train/9017973052192572021,0.0002,0.0992,0.0995
../data/train/558927735179826864,0.0001,0.0992,0.0993
../data/train/781786271353102448,0.0001,0.0992,0.0993
../data/train/8312359996760395562,0.0,0.0992,0.0993
../data/train/2765957592342585170,0.0,0.0992,0.0992
../data/train/8302132909469728164,0.0002,0.0992,0.0994
../data/train/4427987790445701924,0.0002,0.0992,0.0994
../data/train/1294617789843738946,0.0009,0.0992,0.1001
../data/train/3790541526994734952,0.0001,0.0992,0.0992
../data/train/4056551642698199654,0.0004,0.0992,0.0996
../data/train/6465504518362018871,0.0002,0.0993,0.0995
../data/train/9036638128764264279,0.0002,0.0993,0.0995
../data/train/1310764900265706474,0.0004,0.0993,0.0997
../data/validation/5035904045876882318,0.0001,0.0993,0.0994
../data/train/1252539099206837899,0.0007,0.0993,0.1
../data/train/3788187480622764973,0.0002,0.0993,0.0995
../data/train/5444305487653393166,0.0003,0.0993,0.0996
../data/train/1198605747793116824,0.0005,0.0993,0.0997
../data/train/3298122915343402091,0.0,0.0993,0.0993
../data/train/8192327310688004229,0.0001,0.0993,0.0994
../data/train/8297993596675079372,0.0007,0.0993,0.1
../data/train/3048432836397469956,0.0002,0.0993,0.0995
../data/train/8847583874176775069,0.0001,0.0993,0.0994
../data/train/1911999311148391533,0.0001,0.0993,0.0994
../data/validation/3512949487103972811,0.0001,0.0993,0.0994
../data/train/2112014794923111080,0.0007,0.0993,0.1
../data/train/2526463175036139071,0.0004,0.0993,0.0997
../data/train/2141675354101785294,0.0001,0.0993,0.0993
../data/train/7364008635611514136,0.0001,0.0993,0.0994
../data/train/4432372089547032797,0.0,0.0993,0.0994
../data/train/3172893589757688472,0.0004,0.0993,0.0997
../data/train/5399515302848104578,0.0003,0.0993,0.0997
../data/train/8647660818664419944,0.0005,0.0993,0.0997
../data/train/3272352983210113266,0.0002,0.0993,0.0995
../data/train/2822864707578145429,0.0001,0.0993,0.0994
../data/train/4323574042356976668,0.0009,0.0993,0.1003
../data/train/2912717244551386087,0.0012,0.0993,0.1005
../data/train/4454561667493796097,0.0003,0.0993,0.0996
../data/train/8054216125307509698,0.0001,0.0994,0.0995
../data/validation/6617654906375224318,0.0002,0.0994,0.0996
../data/train/1906983077021458652,0.0002,0.0994,0.0996
../data/train/9177310506968433691,0.0005,0.0994,0.0999
../data/train/8711531920973828380,0.0001,0.0994,0.0995
../data/train/3837936494675410022,0.0001,0.0994,0.0994
../data/train/6316870655646873345,0.0005,0.0994,0.0999
../data/train/7577880558497220184,0.0002,0.0994,0.0997
../data/train/5334953583275642970,0.0001,0.0994,0.0995
../data/train/4761286974028164861,0.0002,0.0994,0.0996
../data/train/8425904807289360789,0.0003,0.0994,0.0997
../data/validation/6674027164419475515,0.0,0.0994,0.0995
../data/train/9194855700029871880,0.0002,0.0994,0.0996
../data/train/252926520745773484,0.0,0.0994,0.0995
../data/train/7789644974416556487,0.0004,0.0994,0.0998
../data/train/3504177675258501995,0.0,0.0994,0.0995
../data/train/5993501497040015974,0.0002,0.0994,0.0996
../data/train/929305863047890255,0.0004,0.0994,0.0997
../data/train/1088112412332785289,0.0002,0.0994,0.0996
../data/validation/7227250758851503613,0.0002,0.0994,0.0996
../data/train/6610427649050826944,0.0002,0.0994,0.0995
../data/train/8584292250729459693,0.0003,0.0994,0.0998
../data/train/6999661352279195952,0.0001,0.0994,0.0996
../data/train/198070550648691779,0.0009,0.0994,0.1004
../data/train/5797972790265002129,0.0002,0.0994,0.0996
../data/train/5760561364333425325,0.0006,0.0994,0.1
../data/train/3794639443533893650,0.0001,0.0994,0.0995
../data/train/1752747056812953150,0.0003,0.0994,0.0996
../data/train/8520859669845955362,0.0001,0.0994,0.0995
../data/train/44443009157595037,0.0001,0.0994,0.0996
../data/train/4181815477798783385,0.0001,0.0994,0.0994
../data/validation/7690634240391570518,0.0001,0.0994,0.0996
../data/train/3928508520621578074,0.0001,0.0994,0.0994
../data/train/4036758090644416388,0.0001,0.0994,0.0994
../data/train/4037060765729202781,0.0001,0.0994,0.0995
../data/train/7858044946613237082,0.0003,0.0994,0.0997
../data/train/3600124758479244794,0.0001,0.0994,0.0995
../data/train/8418158111341606926,0.0001,0.0994,0.0995
../data/train/866877880706648797,0.0003,0.0994,0.0996
../data/train/3599404674882322144,0.0001,0.0994,0.0995
../data/train/6299411464966565735,0.0001,0.0994,0.0994
../data/train/4326026504120198970,0.0014,0.0994,0.1008
../data/train/5910823622448872878,0.0001,0.0994,0.0995
../data/validation/6125229615569968211,0.0001,0.0994,0.0995
../data/train/1414796037963784670,0.0001,0.0994,0.0996
../data/train/590432842579265881,0.0001,0.0994,0.0996
../data/train/3593703694337714590,0.0015,0.0994,0.1009
../data/train/6442334204140793573,0.0001,0.0994,0.0996
../data/train/5803764093610420528,0.0002,0.0995,0.0996
../data/train/525223895168942532,0.0001,0.0995,0.0996
../data/train/6184373527287516629,0.0003,0.0995,0.0998
../data/train/4231433639470108283,0.0003,0.0995,0.0998
../data/train/6713646023034833641,0.0004,0.0995,0.0998
../data/train/5565027241412260631,0.0002,0.0995,0.0997
../data/train/4139509016758863570,0.0004,0.0995,0.0998
../data/train/6884227403220593730,0.0001,0.0995,0.0996
../data/train/6451237444758388152,0.0001,0.0995,0.0995
../data/train/3962933330275400176,0.0005,0.0995,0.1
../data/train/4182353395607150527,0.0001,0.0995,0.0995
../data/train/6879239987807554047,0.0001,0.0995,0.0996
../data/train/7360429391214651145,0.0001,0.0995,0.0996
../data/train/1073684479602896937,0.0004,0.0995,0.0999
../data/train/6878436631706449746,0.0002,0.0995,0.0997
../data/train/3362757547517995768,0.0004,0.0995,0.0999
../data/train/8042043635806316169,0.0009,0.0995,0.1004
../data/train/7778562330992614831,0.0002,0.0995,0.0997
../data/validation/4385478574350035519,0.0003,0.0995,0.0998
../data/train/634571696407055121,0.0015,0.0995,0.1011
../data/train/2837719774836622149,0.0002,0.0995,0.0997
../data/train/9044773088820381088,0.0002,0.0995,0.0997
../data/validation/4161480515945245719,0.001,0.0995,0.1005
../data/train/432548070956515051,0.0001,0.0995,0.0996
../data/train/8000495122758239334,0.0001,0.0995,0.0997
../data/train/226850310204784884,0.0003,0.0995,0.0998
../data/train/447328633590692520,0.0001,0.0995,0.0996
../data/train/4266860546844230842,0.0001,0.0995,0.0996
../data/validation/4022350706499333616,0.0001,0.0995,0.0996
../data/train/4028122642072153941,0.001,0.0995,0.1005
../data/train/4931364177068312131,0.0005,0.0995,0.1
../data/train/7623390979066947572,0.0006,0.0995,0.1001
../data/train/7773250718413322239,0.0002,0.0995,0.0996
../data/train/8521739093252363127,0.0003,0.0995,0.0998
../data/train/5361869751902933970,0.0006,0.0995,0.1001
../data/validation/7491104366481536619,0.0001,0.0995,0.0996
../data/validation/1002777035567823518,0.0001,0.0995,0.0995
../data/train/797033011727695668,0.0006,0.0995,0.1001
../data/train/4006190722465728753,0.0003,0.0995,0.0998
../data/train/2283836158778922877,0.0004,0.0995,0.0998
../data/validation/7362769310584622717,0.0004,0.0995,0.0999
../data/train/1006714073984511039,0.0001,0.0995,0.0996
../data/train/5412584035888332659,0.0001,0.0995,0.0996
../data/validation/812710012232610717,0.0002,0.0995,0.0997
../data/train/8635391806057413980,0.0001,0.0995,0.0996
../data/train/2744790625749264587,0.0002,0.0995,0.0996
../data/train/6071074143759200782,0.0001,0.0995,0.0996
../data/train/3827463672241738547,0.001,0.0995,0.1005
../data/train/4587846948608089057,0.0001,0.0995,0.0996
../data/train/8841235278082288259,0.0001,0.0995,0.0996
../data/train/2501382205273533599,0.0039,0.0995,0.1034
../data/train/6574311355878368361,0.0001,0.0995,0.0996
../data/train/7700407424461592496,0.0002,0.0995,0.0997
../data/train/2222075731566672479,0.0001,0.0995,0.0996
../data/validation/8412494059245623016,0.0002,0.0995,0.0998
../data/train/1666033738642107541,0.0005,0.0995,0.1
../data/validation/5311920636706800011,0.0002,0.0995,0.0997
../data/validation/6257524824808813616,0.0002,0.0995,0.0997
../data/train/8824467308801171595,0.0001,0.0995,0.0996
../data/train/8360645157008826088,0.0002,0.0995,0.0997
../data/train/8816579587999349198,0.0007,0.0995,0.1001
../data/train/1419129297351010257,0.0001,0.0995,0.0995
../data/train/1985177532562484745,0.0002,0.0995,0.0997
../data/train/1191876684068607184,0.0001,0.0995,0.0996
../data/train/2756208050322486736,0.0001,0.0995,0.0996
../data/train/1629492269337814752,0.0001,0.0995,0.0996
../data/train/8683318999715773930,0.0001,0.0995,0.0997
../data/train/4909953420886813470,0.0007,0.0995,0.1002
../data/train/5745029045410317880,0.0002,0.0995,0.0996
../data/train/1891627455690105588,0.0003,0.0995,0.0998
../data/train/2314271743583259472,0.0001,0.0995,0.0997
../data/train/440530741382330170,0.0001,0.0995,0.0996
../data/train/5424037252126276792,0.0002,0.0995,0.0997
../data/train/1483115577368521669,0.0001,0.0995,0.0996
../data/train/8281254079097880079,0.0002,0.0995,0.0997
../data/train/1152561579759214350,0.0017,0.0995,0.1012
../data/validation/4606459509493287212,0.0001,0.0995,0.0996
../data/train/6068690128685409939,0.0003,0.0995,0.0998
../data/train/6378619893396419496,0.0003,0.0996,0.0999
../data/train/4545373463542452782,0.0003,0.0996,0.1
../data/train/4779798294022135630,0.0009,0.0996,0.1005
../data/validation/6039435835085043616,0.0001,0.0996,0.0997
../data/train/3996835736755141153,0.0002,0.0996,0.0998
../data/train/7310650267186884054,0.0005,0.0996,0.1002
../data/train/7713746973819804532,0.0002,0.0996,0.0997
../data/train/7356191602908119192,0.0001,0.0996,0.0997
../data/validation/5083200766534423616,0.0001,0.0996,0.0997
../data/train/4755267965181835987,0.0001,0.0996,0.0997
../data/train/8605877205178247462,0.0006,0.0996,0.1002
../data/train/7684021594944593846,0.0002,0.0996,0.0998
../data/train/4460895494957303025,0.0003,0.0996,0.0999
../data/validation/7800882553950949910,0.0001,0.0996,0.0997
../data/train/10534680566306659,0.0004,0.0996,0.1
../data/train/4766800526017795662,0.0001,0.0996,0.0997
../data/train/768644401396784146,0.0001,0.0996,0.0997
../data/train/7260137017139556369,0.0004,0.0996,0.1
../data/train/4697249169446260755,0.0001,0.0996,0.0998
../data/train/1239316488027558132,0.0002,0.0996,0.0997
../data/train/4429175773967516890,0.0002,0.0996,0.0998
../data/train/3262221303410507655,0.0002,0.0996,0.0997
../data/train/2014582004056007391,0.0001,0.0996,0.0997
../data/validation/8960958520658175712,0.0001,0.0996,0.0996
../data/validation/8786538062036586610,0.0002,0.0996,0.0998
../data/train/8488793380291902877,0.0005,0.0996,0.1001
../data/validation/5886034399767184712,0.0003,0.0996,0.0998
../data/validation/794256647299673713,0.0001,0.0996,0.0997
../data/train/4104732873079613036,0.0001,0.0996,0.0997
../data/train/1874573531230821430,0.0002,0.0996,0.0999
../data/train/7508677836646404125,0.0002,0.0996,0.0998
../data/validation/7105569540692799616,0.0001,0.0996,0.0997
../data/train/4043700155902625134,0.0008,0.0996,0.1005
../data/validation/5665547492780627215,0.0006,0.0996,0.1001
../data/train/8433543020401957235,0.0002,0.0996,0.0997
../data/validation/8298373525897808015,0.0002,0.0996,0.0997
../data/train/4099354550465169886,0.0003,0.0996,0.0999
../data/train/857172138211986133,0.0001,0.0996,0.0997
../data/train/4674605680269253198,0.0001,0.0996,0.0997
../data/train/2549612900362319899,0.0001,0.0996,0.0998
../data/train/7337904007116643433,0.0001,0.0996,0.0997
../data/train/4684327930443578686,0.0002,0.0996,0.0998
../data/train/4483665921286445556,0.0001,0.0996,0.0997
../data/train/1177033898838645229,0.0001,0.0996,0.0997
../data/train/7730588266673151644,0.0001,0.0996,0.0998
../data/train/7648236357367198249,0.0003,0.0996,0.1
../data/train/7835429689902694741,0.0009,0.0996,0.1006
../data/train/5882432053363102761,0.0001,0.0996,0.0997
../data/train/66472271358012499,0.0014,0.0996,0.1011
../data/train/7861005748161447169,0.0005,0.0996,0.1001
../data/train/4867476001929543081,0.0001,0.0996,0.0997
../data/train/5556656439170354140,0.0001,0.0996,0.0997
../data/train/8028351669860579920,0.0001,0.0996,0.0997
../data/train/5108805620915634082,0.0002,0.0996,0.0997
../data/validation/3160122000820846810,0.0004,0.0996,0.1
../data/train/832292063408031328,0.0001,0.0996,0.0997
../data/train/7860689398904538165,0.0001,0.0996,0.0997
../data/train/6787894340700844943,0.0001,0.0996,0.0997
../data/train/7207832552666983195,0.0026,0.0996,0.1022
../data/train/4933685948922675255,0.0001,0.0996,0.0997
../data/train/880751951698874826,0.0002,0.0996,0.0998
../data/train/8261722771650276674,0.0003,0.0996,0.0999
../data/validation/1024187583264624816,0.0001,0.0996,0.0997
../data/train/3640463602833369770,0.0001,0.0996,0.0997
../data/train/3657759678612907367,0.0001,0.0996,0.0997
../data/train/6513313410954217469,0.0001,0.0996,0.0997
../data/train/3587939903817787650,0.0001,0.0996,0.0997
../data/train/6838978303156197138,0.0002,0.0996,0.0998
../data/validation/4632924604458483815,0.0003,0.0996,0.0999
../data/train/2922246949405809637,0.0008,0.0996,0.1004
../data/validation/4447114212394465414,0.0004,0.0996,0.1
../data/train/5102207174164853132,0.0002,0.0996,0.0998
../data/validation/2892028402466434618,0.0003,0.0996,0.0999
../data/train/4902304506136970897,0.0002,0.0996,0.0998
../data/train/3872014208842302689,0.0007,0.0996,0.1004
../data/train/7089428904335751437,0.0001,0.0996,0.0997
../data/train/8088975832818584582,0.0011,0.0996,0.1007
../data/train/3728388640604438854,0.0001,0.0996,0.0997
../data/train/5327044660368076766,0.0001,0.0996,0.0996
../data/train/3926188247521481022,0.0002,0.0996,0.0998
../data/train/650270013815722637,0.0001,0.0996,0.0997
../data/train/5103456469637864177,0.0002,0.0996,0.0998
../data/train/5488712985735601536,0.0002,0.0996,0.0997
../data/train/3741120051336411427,0.0001,0.0996,0.0997
../data/train/2193684614366433050,0.0001,0.0996,0.0996
../data/train/8912200169318312774,0.0003,0.0996,0.0999
../data/train/657038196385598727,0.0001,0.0996,0.0997
../data/train/7984550560869394325,0.0011,0.0996,0.1008
../data/train/3441448151461728380,0.0002,0.0996,0.0998
../data/train/7884410117322780183,0.0003,0.0996,0.0999
../data/train/987932121070030277,0.0002,0.0996,0.0998
../data/train/5017921813987699768,0.0001,0.0996,0.0996
../data/train/2235317343005482972,0.0004,0.0996,0.1
../data/train/8039855457902227263,0.0005,0.0996,0.1001
../data/train/4906190171420874658,0.0001,0.0996,0.0997
../data/train/7924114731556524233,0.0007,0.0996,0.1002
../data/train/3417613170304911884,0.0001,0.0996,0.0997
../data/train/5791366937837198155,0.0002,0.0996,0.0998
../data/train/5416592848319720274,0.0001,0.0996,0.0997
../data/train/8780501774058949280,0.0001,0.0996,0.0997
../data/train/6546503622131711494,0.0001,0.0996,0.0996
../data/train/5685548285771945990,0.0001,0.0996,0.0996
../data/validation/3405667281164798115,0.0001,0.0996,0.0997
../data/train/8220413770610690980,0.0007,0.0996,0.1003
../data/train/7941734485424183158,0.0001,0.0996,0.0997
../data/train/5790354026495690976,0.0003,0.0996,0.0999
../data/train/8148381080424611480,0.0003,0.0996,0.0999
../data/train/6761158370524065358,0.0001,0.0996,0.0996
../data/train/9046565163317809520,0.0004,0.0996,0.0999
../data/train/5786801778331739435,0.0002,0.0996,0.0998
../data/train/2115970197883756891,0.0001,0.0996,0.0997
../data/train/832656124511757397,0.0003,0.0996,0.0999
../data/train/1617527677581304033,0.0002,0.0996,0.0998
../data/train/7163799814939406690,0.0001,0.0996,0.0997
../data/train/782689847605538975,0.0002,0.0996,0.0997
../data/train/3673561885005244635,0.0002,0.0996,0.0998
../data/validation/2008572761596404010,0.0003,0.0996,0.0998
../data/train/2079318450352493577,0.0005,0.0996,0.1002
../data/train/2923796409040672683,0.0011,0.0996,0.1007
../data/train/3024529770700260977,0.0002,0.0996,0.0998
../data/train/7036826277932194282,0.0001,0.0996,0.0997
../data/train/6597468295704804224,0.0002,0.0996,0.0999
../data/train/2723031184190923279,0.0015,0.0996,0.1011
../data/train/5711999873297862686,0.0002,0.0996,0.0998
../data/train/235105540404040889,0.0001,0.0996,0.0997
../data/train/7780951274076022248,0.0005,0.0996,0.1001
../data/train/7764341202588004977,0.0001,0.0996,0.0997
../data/train/8232900995810326362,0.0002,0.0997,0.0999
../data/train/141100629893604145,0.0002,0.0997,0.0999
../data/train/1390885628105254722,0.0002,0.0997,0.0999
../data/train/3871975750762222176,0.0006,0.0997,0.1004
../data/train/4198623920243446384,0.0003,0.0997,0.0999
../data/train/2576906943485937751,0.0001,0.0997,0.0998
../data/train/4636650185296009580,0.0001,0.0997,0.0997
../data/train/6672524107397275936,0.0003,0.0997,0.1
../data/train/7100337373505497821,0.0001,0.0997,0.0998
../data/train/7867708274835506639,0.0003,0.0997,0.1
../data/train/6904890622746607927,0.0005,0.0997,0.1003
../data/train/5364686371090350930,0.0004,0.0997,0.1
../data/train/3684082186614418731,0.0001,0.0997,0.0998
../data/train/4987706127073067867,0.0001,0.0997,0.0998
../data/train/3310766094815634841,0.0001,0.0997,0.0998
../data/train/7117669458021077535,0.0003,0.0997,0.1
../data/train/2744060878077439483,0.0002,0.0997,0.0999
../data/train/1595724639838161756,0.0002,0.0997,0.0999
../data/train/6074379860432239148,0.0001,0.0997,0.0999
../data/train/5384480765826708288,0.0001,0.0997,0.0998
../data/train/1942318928864850476,0.0002,0.0997,0.0999
../data/train/7440809006512532191,0.0004,0.0997,0.1001
../data/train/1894628846833478982,0.0001,0.0997,0.0998
../data/train/7861808846637465869,0.0002,0.0997,0.0999
../data/validation/3402486642513018019,0.0009,0.0997,0.1006
../data/train/5408238377765150595,0.0001,0.0997,0.0999
../data/train/8652899821968677687,0.0003,0.0997,0.0999
../data/train/2139614689284547998,0.0001,0.0997,0.0998
../data/train/7850829808270975745,0.0015,0.0997,0.1013
../data/train/3682870370765876726,0.0004,0.0997,0.1001
../data/train/3049943756538155945,0.0002,0.0997,0.0999
../data/train/3504140706133999771,0.0005,0.0997,0.1001
../data/train/8963301084167239843,0.0001,0.0997,0.0998
../data/validation/5785531800850165419,0.0004,0.0997,0.1001
../data/validation/3151829093979391915,0.0001,0.0997,0.0999
../data/train/860073009057924244,0.0001,0.0997,0.0997
../data/train/5308841728109952392,0.0002,0.0997,0.0999
../data/train/80160973664520524,0.0001,0.0997,0.0998
../data/validation/1366227125882899819,0.0001,0.0997,0.0998
../data/train/6145861444368490348,0.0001,0.0997,0.0998
../data/train/113033259589307043,0.0011,0.0997,0.1008
../data/validation/1257586926715459513,0.0001,0.0997,0.0999
../data/train/2293686510406941692,0.0003,0.0997,0.1
../data/train/1526824542485303371,0.0001,0.0997,0.0999
../data/train/7366316388823926053,0.0006,0.0997,0.1004
../data/train/8436861119962233065,0.0002,0.0997,0.0998
../data/train/3448537709986281820,0.0001,0.0997,0.0999
../data/train/4570442919645119567,0.0001,0.0997,0.0998
../data/train/7953664221528484879,0.0002,0.0997,0.0999
../data/train/3004761908858499980,0.0001,0.0997,0.0998
../data/train/3828010112033031175,0.0004,0.0997,0.1002
../data/train/7043106065713062090,0.0001,0.0997,0.0998
../data/train/7953291580606851085,0.0003,0.0997,0.1
../data/validation/6671110932593670016,0.0001,0.0997,0.0998
../data/train/7641367530712073763,0.0001,0.0997,0.0999
../data/train/8600170205711720843,0.0003,0.0997,0.1
../data/validation/1781443737340689011,0.0001,0.0997,0.0998
../data/train/2454959431683346496,0.0002,0.0997,0.0999
../data/validation/1617464378425874410,0.0001,0.0997,0.0998
../data/train/2023028626469218776,0.0001,0.0997,0.0999
../data/train/1501233464454761298,0.0002,0.0997,0.1
../data/train/5171813977945812335,0.0007,0.0997,0.1004
../data/train/412910153392218949,0.0002,0.0997,0.0999
../data/train/612163729958067034,0.0001,0.0997,0.0998
../data/train/5801227362993014740,0.0004,0.0997,0.1002
../data/train/1479943617262321838,0.0001,0.0997,0.0999
../data/validation/673550981339317710,0.0002,0.0997,0.0999
../data/train/1156770623986100221,0.0005,0.0997,0.1003
../data/train/2789185662656134967,0.0004,0.0997,0.1
../data/train/6604321298779403946,0.0002,0.0997,0.0999
../data/train/7005544134969665149,0.0002,0.0997,0.0999
../data/train/5841303487939504641,0.0003,0.0997,0.1
../data/train/5041290446168277341,0.0001,0.0997,0.0998
../data/train/5252618194171144284,0.0007,0.0997,0.1004
../data/train/6964124835111384846,0.0006,0.0997,0.1003
../data/train/8475802816987819382,0.0007,0.0997,0.1003
../data/train/5072424789853271822,0.0003,0.0997,0.1001
../data/train/4464978053772867257,0.0002,0.0997,0.0999
../data/train/4464319510843359227,0.0001,0.0997,0.0998
../data/train/2636290671390693190,0.0001,0.0997,0.0999
../data/train/4615882033431237993,0.0001,0.0997,0.0998
../data/train/575093164664886221,0.0006,0.0997,0.1003
../data/train/1899541668200313288,0.0003,0.0997,0.1
../data/validation/2834210400403323413,0.0002,0.0997,0.0998
../data/train/6921549967586786882,0.0012,0.0997,0.101
../data/train/3497145280483759828,0.0006,0.0997,0.1003
../data/train/5868125722098340995,0.0002,0.0997,0.0999
../data/train/6668451589826580937,0.0005,0.0997,0.1002
../data/train/7093569970238788178,0.0002,0.0997,0.0999
../data/train/3433036924174737571,0.0002,0.0997,0.0999
../data/train/799205614733250863,0.0003,0.0997,0.1001
../data/train/8582295246822942727,0.0002,0.0997,0.0999
../data/train/8835802229362713032,0.0002,0.0997,0.0999
../data/train/145836967210664577,0.0001,0.0997,0.0998
../data/train/200640979647438158,0.0001,0.0997,0.0999
../data/validation/6507887788156437313,0.0001,0.0997,0.0998
../data/train/5775122694752043546,0.0004,0.0997,0.1001
../data/train/5116252737482545973,0.0002,0.0997,0.1
../data/train/2601541075359438332,0.0001,0.0997,0.0998
../data/train/2326481303116135042,0.0001,0.0997,0.0998
../data/train/858547167684146520,0.0007,0.0997,0.1004
../data/train/4483980061312485181,0.0011,0.0997,0.1008
../data/validation/644878806773225118,0.0001,0.0997,0.0999
../data/train/5278702659879218270,0.0001,0.0997,0.0998
../data/train/375209293003146592,0.0005,0.0997,0.1003
../data/train/2120205788003491084,0.0001,0.0997,0.0998
../data/train/6645503657813338080,0.0001,0.0997,0.0999
../data/train/3298319812548209659,0.0005,0.0997,0.1003
../data/train/4105914551841478799,0.0009,0.0997,0.1007
../data/train/6546250197054132174,0.0018,0.0997,0.1015
../data/train/4545102058258472354,0.0002,0.0997,0.0999
../data/train/8404663696233966042,0.0004,0.0997,0.1
../data/train/7244562647883481421,0.0003,0.0997,0.1
../data/train/72647772538650340,0.0001,0.0997,0.0998
../data/train/9071902157570330161,0.0022,0.0997,0.1019
../data/train/490673340842504538,0.0004,0.0997,0.1001
../data/train/2657333684746588727,0.0009,0.0997,0.1006
../data/validation/9053082512905324017,0.0001,0.0997,0.0999
../data/train/8089712459079632437,0.0003,0.0997,0.1
../data/train/7779816894663670937,0.0001,0.0997,0.0998
../data/train/9064056015997919442,0.0002,0.0997,0.0999
../data/train/9060137937852088834,0.0001,0.0997,0.0999
../data/train/7244613788615134253,0.0006,0.0997,0.1003
../data/train/8503740634105866079,0.0004,0.0997,0.1001
../data/validation/4089325697744942718,0.0001,0.0997,0.0997
../data/train/9058218915953445451,0.0002,0.0997,0.0999
../data/train/7541657058381254599,0.0006,0.0997,0.1003
../data/train/3975360695796369064,0.0002,0.0997,0.0999
../data/train/6282314372738983128,0.0002,0.0997,0.0999
../data/train/2175739284570639142,0.0005,0.0997,0.1002
../data/train/9154992161991161167,0.0002,0.0997,0.0999
../data/train/7518306418178016426,0.0001,0.0997,0.0998
../data/train/4718748261143444970,0.0001,0.0997,0.0998
../data/train/876352510453462981,0.001,0.0997,0.1007
../data/train/4882026603194932752,0.0001,0.0997,0.0998
../data/train/902918045283761348,0.0001,0.0997,0.0998
../data/train/7480313189562802158,0.0002,0.0997,0.0999
../data/train/3628216669710143881,0.0001,0.0997,0.0998
../data/train/1705859551104717589,0.0001,0.0997,0.0998
../data/train/1653986589307358367,0.0002,0.0997,0.1
../data/validation/892643789239510012,0.0001,0.0997,0.0998
../data/train/8511468397243432672,0.0002,0.0997,0.0999
../data/train/2917071417429137383,0.0003,0.0997,0.1001
../data/validation/8830825432791264016,0.0002,0.0997,0.0999
../data/train/4864454202580687780,0.0001,0.0997,0.0998
../data/train/7200636679166337525,0.0003,0.0997,0.1
../data/train/1662106199888069649,0.0001,0.0997,0.0998
../data/train/6716852371756514947,0.0002,0.0997,0.1
../data/train/3895600096178780167,0.0001,0.0997,0.0999
../data/train/1297459401610290155,0.0014,0.0997,0.1011
../data/train/8680237452812866033,0.0003,0.0997,0.1001
../data/train/5951395569454028765,0.0001,0.0997,0.0999
../data/train/2408308066181310273,0.0002,0.0997,0.0999
../data/train/7184018470867566744,0.0005,0.0997,0.1002
../data/train/198083684743630769,0.0002,0.0997,0.0998
../data/train/8513202321573282332,0.0006,0.0997,0.1003
../data/train/8727240650704223093,0.0008,0.0997,0.1005
../data/train/322183095601570979,0.0002,0.0997,0.1
../data/train/2534246412517863995,0.0001,0.0997,0.0998
../data/train/8351157276624290786,0.0002,0.0997,0.0999
../data/train/2157670232469759149,0.0002,0.0997,0.0999
../data/train/18731883005306430,0.0005,0.0997,0.1002
../data/train/5595955646110591237,0.0001,0.0997,0.0998
../data/train/678998549296735044,0.0002,0.0997,0.0999
../data/train/4212840758857700250,0.0004,0.0997,0.1001
../data/train/6270931785870586383,0.0001,0.0997,0.0998
../data/train/8336806488181142340,0.0001,0.0997,0.0999
../data/train/4031097137710481047,0.0001,0.0997,0.0998
../data/train/8522615017445679424,0.0001,0.0997,0.0998
../data/train/5448428865223510331,0.0002,0.0997,0.0999
../data/train/4214752072968061856,0.0002,0.0997,0.0999
../data/train/3395530361561866296,0.0001,0.0997,0.0998
../data/train/7581559249844776248,0.0007,0.0997,0.1003
../data/train/6224400425537147943,0.0001,0.0997,0.0998
../data/train/9171379820888791933,0.0004,0.0997,0.1001
../data/train/6473177792199363364,0.0001,0.0997,0.0998
../data/train/288005196115564627,0.0003,0.0997,0.0999
../data/validation/8308090556144552016,0.0004,0.0997,0.1001
../data/train/7276560987074568937,0.0002,0.0997,0.0999
../data/train/3236089041867607992,0.0003,0.0997,0.1001
../data/train/7456550801727090290,0.0004,0.0997,0.1001
../data/train/6699656221142838773,0.0001,0.0997,0.0998
../data/train/8766746156465708669,0.0002,0.0997,0.0999
../data/train/5675728443031639442,0.0002,0.0997,0.0999
../data/train/4786063641610878176,0.0001,0.0997,0.0998
../data/train/8669746685336294841,0.0004,0.0997,0.1
../data/train/1833100318849842676,0.0001,0.0997,0.0998
../data/train/776616145334578043,0.0004,0.0997,0.1001
../data/train/7538777397599029196,0.0002,0.0997,0.0999
../data/validation/8298421692501948111,0.0001,0.0997,0.0999
../data/train/683876913024839535,0.0004,0.0997,0.1001
../data/train/2185665876375392895,0.0002,0.0998,0.1
../data/train/2925912005977035658,0.0004,0.0998,0.1003
../data/train/6273284678602685223,0.0004,0.0998,0.1003
../data/validation/1611492726248516415,0.0029,0.0998,0.1028
../data/train/3164208608914131179,0.0002,0.0998,0.1
../data/train/3567276810087715871,0.0003,0.0998,0.1001
../data/train/3485104777689182060,0.0002,0.0998,0.1
../data/train/4267187363169305197,0.0002,0.0998,0.1
../data/train/6371007417581607073,0.0004,0.0998,0.1002
../data/train/4316159927381441070,0.0005,0.0998,0.1003
../data/validation/1739106639838015712,0.0001,0.0998,0.0999
../data/train/7631127750417499742,0.0024,0.0998,0.1023
../data/validation/1699989566197474815,0.0002,0.0998,0.1001
../data/train/5632303571390031689,0.0002,0.0998,0.1
../data/train/1537953638512914689,0.0002,0.0998,0.1
../data/validation/8901565707298847012,0.0002,0.0998,0.1
../data/train/6250738117600036963,0.0011,0.0998,0.1008
../data/train/7975960644097889579,0.0002,0.0998,0.1
../data/train/4485223731831029068,0.0001,0.0998,0.0999
../data/train/3589036806910042932,0.0004,0.0998,0.1002
../data/train/200569226431424446,0.0002,0.0998,0.1
../data/train/3791808862428845136,0.0002,0.0998,0.1
../data/train/5769622598080838859,0.0002,0.0998,0.1001
../data/train/6774469049629561842,0.0009,0.0998,0.1008
../data/train/560912788623369676,0.0002,0.0998,0.1
../data/train/6641758149279996538,0.0002,0.0998,0.1
../data/train/3794002360265549780,0.0002,0.0998,0.1
../data/train/253429811368478295,0.0004,0.0998,0.1002
../data/validation/1491989830251940617,0.0003,0.0998,0.1002
../data/train/754524603970028463,0.0004,0.0998,0.1002
../data/train/906164631121748573,0.0003,0.0998,0.1001
../data/train/2929788236270615938,0.0002,0.0998,0.1
../data/train/5219128146508058990,0.0002,0.0998,0.1
../data/train/2607574906332338445,0.0002,0.0998,0.1
../data/train/1678185591030898783,0.0015,0.0998,0.1013
../data/train/8885637607748421966,0.0003,0.0998,0.1
../data/train/6748426710654459643,0.0004,0.0998,0.1003
../data/train/4130188662038274161,0.0008,0.0998,0.1006
../data/train/5594951198949235824,0.0003,0.0998,0.1
../data/train/1514826441978425651,0.0001,0.0998,0.0999
../data/train/4281530218709087779,0.0009,0.0998,0.1006
../data/train/7003896494306390568,0.0002,0.0998,0.0999
../data/train/8875509368616637274,0.0004,0.0998,0.1002
../data/train/292458362952987933,0.0001,0.0998,0.0999
../data/train/1274196592876875877,0.0003,0.0998,0.1001
../data/train/2924939226352256144,0.0002,0.0998,0.0999
../data/train/6630380020884243395,0.0003,0.0998,0.1001
../data/train/5224623775189748045,0.0002,0.0998,0.1
../data/train/7357607502694849224,0.0003,0.0998,0.1001
../data/train/4247790255803627929,0.0008,0.0998,0.1006
../data/train/2812016341597220873,0.0004,0.0998,0.1002
../data/train/8141711076250610439,0.0002,0.0998,0.1001
../data/train/6754001639975964226,0.0002,0.0998,0.1001
../data/train/6288617191477683426,0.0002,0.0998,0.1
../data/train/2932492810492403094,0.0002,0.0998,0.1
../data/validation/6976055405356323111,0.0005,0.0998,0.1003
../data/train/4535240882324019399,0.0012,0.0998,0.101
../data/train/7009832068950160739,0.0005,0.0998,0.1003
../data/train/4264801348529526782,0.0003,0.0998,0.1
../data/train/3790660673967426788,0.0002,0.0998,0.1001
../data/train/5191508718123018193,0.0003,0.0998,0.1001
../data/validation/119171026720439419,0.0005,0.0998,0.1003
../data/train/907077754309636367,0.0004,0.0998,0.1002
../data/validation/1193060402129651918,0.0003,0.0998,0.1001
../data/train/357823368609679022,0.0002,0.0998,0.1
../data/train/3523649418225697555,0.0002,0.0998,0.1
../data/train/1104952104993795058,0.0003,0.0998,0.1001
../data/train/1115836739686488031,0.0002,0.0998,0.1
../data/train/8034876975015867668,0.0003,0.0998,0.1001
../data/train/3514735989434271340,0.0003,0.0998,0.1001
../data/train/6886115421105678731,0.0005,0.0998,0.1003
../data/train/760148824381399294,0.0001,0.0998,0.0999
../data/train/5723719552902800675,0.0002,0.0998,0.1
../data/train/6184650789727428165,0.0002,0.0998,0.1
../data/train/2502961914222227698,0.0001,0.0998,0.0999
../data/train/3652953522823734738,0.0005,0.0998,0.1003
../data/validation/8514548248938939815,0.0007,0.0998,0.1004
../data/validation/8539848197097786214,0.0003,0.0998,0.1001
../data/validation/8447157249439884915,0.0004,0.0998,0.1003
../data/train/5482934457509213844,0.0002,0.0998,0.1
../data/train/2858582759856332064,0.0006,0.0998,0.1004
../data/validation/793372138355155018,0.0004,0.0998,0.1001
../data/train/760273394833735180,0.0004,0.0998,0.1002
../data/train/5367489516397293128,0.0002,0.0998,0.1001
../data/train/8194883959264087034,0.0012,0.0998,0.101
../data/train/8024948277808319362,0.0002,0.0998,0.1
../data/train/7435250529967627147,0.0003,0.0998,0.1001
../data/train/5364792373889282521,0.0005,0.0998,0.1004
../data/train/4354931535694850247,0.0005,0.0998,0.1003
../data/train/5731576446723178579,0.0005,0.0998,0.1003
../data/train/8087440664261277380,0.0003,0.0998,0.1001
../data/train/1578034660562008538,0.0003,0.0998,0.1001
../data/train/1588832782326340674,0.0003,0.0998,0.1
../data/train/224943559069570954,0.0002,0.0998,0.1
../data/train/6866300780424584270,0.0006,0.0998,0.1005
../data/train/9193290341278954179,0.0002,0.0998,0.1
../data/train/3667885022948316286,0.0002,0.0998,0.1
../data/train/2145820451778145297,0.0005,0.0998,0.1003
../data/train/1610629629186762269,0.0003,0.0998,0.1
../data/train/5445282294053791873,0.0002,0.0998,0.1
../data/train/6872345074289314153,0.0002,0.0998,0.0999
../data/train/106452681966739551,0.0016,0.0998,0.1014
../data/train/6199415765605162825,0.0002,0.0998,0.1
../data/train/6322153435066638287,0.0007,0.0998,0.1006
../data/train/1591997765339285948,0.0004,0.0998,0.1002
../data/train/4387434729997661576,0.0002,0.0998,0.1
../data/validation/8147209825974232614,0.0004,0.0998,0.1002
../data/train/199070202529777195,0.0005,0.0998,0.1003
../data/train/8202382593352193576,0.0002,0.0998,0.1
../data/train/317398643997546687,0.0003,0.0998,0.1
../data/train/3658062677023752289,0.0002,0.0998,0.1001
../data/train/2866574165284436296,0.0002,0.0998,0.1
../data/train/1953372072264201260,0.0001,0.0998,0.0999
../data/train/2139638137028818581,0.0009,0.0998,0.1007
../data/train/546331362374078796,0.0006,0.0998,0.1003
../data/train/3692917475483728023,0.0005,0.0998,0.1003
../data/validation/8279736981227267013,0.0004,0.0998,0.1002
../data/train/8534471772760659284,0.0002,0.0998,0.1001
../data/train/41799384650010353,0.0002,0.0998,0.1
../data/train/7605373962163542636,0.0001,0.0998,0.0999
../data/train/1644836686495849956,0.0005,0.0998,0.1003
../data/train/5643302910217146335,0.0004,0.0998,0.1003
../data/train/3730909114222507468,0.0002,0.0998,0.1
../data/train/5532822426837495880,0.0006,0.0998,0.1004
../data/train/4228185738976067424,0.0004,0.0998,0.1002
../data/train/3551060559702093392,0.0006,0.0998,0.1004
../data/train/8507054814437735788,0.0003,0.0998,0.1001
../data/train/2478945733882392447,0.0008,0.0998,0.1006
../data/train/170888959230435248,0.0006,0.0998,0.1005
../data/train/374029324925858720,0.0027,0.0998,0.1025
../data/train/8240959380979172921,0.0003,0.0998,0.1001
../data/train/6937054247650093460,0.0003,0.0998,0.1001
../data/train/2945664212656169491,0.0003,0.0998,0.1001
../data/train/3745047532871013778,0.0002,0.0998,0.1
../data/train/1649264929313642040,0.0007,0.0998,0.1004
../data/train/5545449984665090730,0.0002,0.0998,0.0999
../data/train/2944618133567015259,0.0002,0.0998,0.1
../data/train/1113737694715621671,0.0002,0.0998,0.1001
../data/train/3186818098887173646,0.0016,0.0998,0.1014
../data/train/986282728033174643,0.0004,0.0998,0.1002
../data/train/8510435647641732851,0.0005,0.0998,0.1003
../data/train/6948625249313480727,0.0002,0.0998,0.1
../data/train/6943780848988404673,0.0012,0.0998,0.101
../data/train/7433001796206959942,0.0003,0.0998,0.1001
../data/train/966546734535217488,0.0002,0.0998,0.1001
../data/train/6664960920768382746,0.0002,0.0998,0.1
../data/validation/8628929947925832710,0.0002,0.0998,0.1
../data/train/4349429294157914921,0.0006,0.0998,0.1004
../data/train/1092089321701810648,0.0003,0.0998,0.1001
../data/train/9142253991067304231,0.0003,0.0998,0.1001
../data/validation/865686840153077612,0.0005,0.0998,0.1003
../data/train/3268951754128353531,0.0002,0.0998,0.1
../data/train/947972209228300196,0.0002,0.0998,0.1
../data/train/5354490227501611678,0.0002,0.0998,0.1
../data/train/8997100049824280774,0.0002,0.0998,0.1
../data/train/8016611528228444952,0.0002,0.0998,0.1001
../data/train/2198251734541617388,0.0002,0.0998,0.1
../data/validation/8663371388286520512,0.0005,0.0998,0.1003
../data/train/2849378954909430425,0.0001,0.0998,0.0999
../data/train/5347235455210950346,0.0002,0.0998,0.1
../data/train/7609111911838229871,0.0016,0.0998,0.1015
../data/train/3499425906831474045,0.0003,0.0998,0.1002
../data/train/5516514292373980383,0.0002,0.0998,0.0999
../data/train/8008238754693113760,0.0024,0.0998,0.1021
../data/train/2899327888688982939,0.0003,0.0998,0.1002
../data/validation/8737665552621745418,0.0003,0.0998,0.1001
../data/train/680175935719056961,0.0004,0.0998,0.1002
../data/train/8926256458251546660,0.0004,0.0998,0.1002
../data/train/4445274442855816581,0.0002,0.0998,0.1
../data/train/1595966746292636651,0.0003,0.0998,0.1002
../data/train/3987753233391088340,0.0001,0.0998,0.0999
../data/train/815163950405357438,0.0005,0.0998,0.1003
../data/train/8309034946918698399,0.0005,0.0998,0.1003
../data/train/2736017257383158088,0.0002,0.0998,0.0999
../data/train/7803451186164700567,0.0002,0.0998,0.0999
../data/train/8643123097894653968,0.0002,0.0998,0.0999
../data/validation/4313250102461908219,0.0003,0.0998,0.1001
../data/train/7080156785002924953,0.0002,0.0998,0.1001
../data/train/640203643137544075,0.0006,0.0998,0.1004
../data/train/8351321489276498138,0.0002,0.0998,0.1001
../data/train/6443484134331421026,0.0004,0.0998,0.1001
../data/train/4020029628967314840,0.0001,0.0998,0.0999
../data/train/4728851539442005572,0.0003,0.0998,0.1001
../data/train/6089523548483347984,0.0007,0.0998,0.1005
../data/train/6561672889500008225,0.0002,0.0998,0.0999
../data/validation/283421430792969517,0.0019,0.0998,0.1017
../data/train/1842218408208314124,0.0003,0.0998,0.1002
../data/train/1326522687175922664,0.0002,0.0998,0.1
../data/train/132733945281263175,0.0002,0.0998,0.0999
../data/train/3932905402383045381,0.0001,0.0998,0.0999
../data/train/7304537643801407423,0.0002,0.0998,0.1
../data/validation/2840921044002648411,0.0004,0.0998,0.1003
../data/train/2711084649670804975,0.0003,0.0998,0.1
../data/validation/2605825924059908416,0.0003,0.0998,0.1001
../data/train/8831666985970417725,0.0002,0.0998,0.1
../data/train/4748530420279527196,0.0002,0.0998,0.1001
../data/validation/5353389244036701313,0.0001,0.0998,0.0999
../data/train/3955699628545696851,0.0001,0.0998,0.0999
../data/train/4870409164943843540,0.0002,0.0998,0.1
../data/train/488000056604498373,0.0003,0.0998,0.1001
../data/train/4101711508832826086,0.0007,0.0998,0.1005
../data/train/649379489830136491,0.0007,0.0998,0.1005
../data/train/7323137700625988667,0.0003,0.0998,0.1001
../data/train/5111353130150886775,0.0002,0.0998,0.1
../data/train/2063345144480138369,0.0002,0.0998,0.1
../data/train/145554161863632997,0.0002,0.0998,0.1001
../data/train/278348587418134145,0.0003,0.0998,0.1
../data/train/408647552826817870,0.0006,0.0998,0.1004
../data/train/2100922809706721136,0.0004,0.0998,0.1002
../data/train/6578046980666001384,0.0002,0.0998,0.1
../data/train/5107287605163387043,0.0002,0.0998,0.1
../data/train/705494264202296084,0.0002,0.0998,0.1
../data/train/5104585899462835876,0.0003,0.0998,0.1001
../data/train/3082527289852039927,0.0002,0.0998,0.1
../data/train/5955012978412351680,0.0002,0.0998,0.1001
../data/train/5099931013926731494,0.0003,0.0998,0.1002
../data/train/7884519695361953389,0.0002,0.0998,0.1001
../data/train/6452484941584127339,0.0007,0.0998,0.1004
../data/validation/6366105550917133418,0.0002,0.0998,0.1001
../data/train/7893101638593479970,0.0004,0.0998,0.1002
../data/train/41018993672621438,0.0013,0.0998,0.1011
../data/train/4026885898473509896,0.0001,0.0998,0.0999
../data/validation/2941249136898979413,0.0002,0.0998,0.1
../data/validation/559329238677349618,0.0017,0.0998,0.1015
../data/train/8656707129988451421,0.0002,0.0998,0.1
../data/train/8800746110200824822,0.0004,0.0998,0.1001
../data/validation/5617417048591463617,0.0002,0.0998,0.1
../data/train/8325566504491238446,0.0015,0.0998,0.1013
../data/train/3121971276396344749,0.0004,0.0998,0.1001
../data/validation/5621668417975069714,0.0002,0.0998,0.1
../data/train/8668075508905454989,0.0005,0.0998,0.1004
../data/validation/5878497399913341416,0.0003,0.0998,0.1001
../data/train/5888190205775387825,0.0001,0.0998,0.0999
../data/train/5925000451744510773,0.0003,0.0998,0.1001
../data/train/7851468859757170956,0.0002,0.0998,0.1
../data/train/4684601275933881758,0.0042,0.0998,0.104
../data/train/8415858055168123298,0.0009,0.0998,0.1006
../data/train/3890845854066573999,0.0002,0.0998,0.1
../data/train/5909023412319047597,0.0004,0.0998,0.1002
../data/train/4699427209516646365,0.0011,0.0998,0.1009
../data/train/2354928895925747882,0.0004,0.0998,0.1002
../data/validation/5683124038208117816,0.0002,0.0998,0.1001
../data/train/6536962563800073656,0.0002,0.0998,0.1
../data/train/5914454786058510544,0.0003,0.0998,0.1001
../data/validation/3326467501285444015,0.001,0.0998,0.1009
../data/train/1228353452546513723,0.0003,0.0998,0.1001
../data/train/2432427448902354258,0.0003,0.0998,0.1001
../data/train/4942812523598347346,0.0004,0.0998,0.1002
../data/train/769117238658188076,0.0002,0.0998,0.1001
../data/validation/4124855405898419417,0.0002,0.0998,0.1001
../data/train/8319140892120245848,0.0004,0.0998,0.1002
../data/train/7692546864730165055,0.0002,0.0998,0.1
../data/validation/3070003110336189315,0.0004,0.0998,0.1002
../data/validation/6083891661219530814,0.0007,0.0998,0.1005
../data/train/4065902715744249190,0.0002,0.0998,0.1
../data/train/7862003675173980923,0.001,0.0998,0.1008
../data/train/8319157467045790594,0.001,0.0998,0.1008
../data/train/1409225075725800930,0.0002,0.0998,0.1001
../data/validation/2910252631238530115,0.0002,0.0998,0.1
../data/train/867158474245090986,0.0002,0.0998,0.0999
../data/validation/6049251013090487014,0.0002,0.0998,0.1001
../data/train/8813810217936458460,0.0004,0.0998,0.1001
../data/train/5024123704342197939,0.0003,0.0998,0.1001
../data/train/5876463946890413882,0.0002,0.0998,0.1001
../data/train/7698770950698474470,0.0003,0.0998,0.1001
../data/validation/3991233152983841817,0.0002,0.0998,0.1
../data/train/4712660548943688292,0.0005,0.0998,0.1004
../data/train/2033334558492495545,0.0001,0.0998,0.0999
../data/validation/5550889968112014812,0.0005,0.0998,0.1004
../data/validation/3241629256366319114,0.0007,0.0998,0.1004
../data/train/1817184720523367852,0.0008,0.0998,0.1006
../data/validation/5292576406720917816,0.0002,0.0998,0.1
../data/train/4610659492271355396,0.0005,0.0998,0.1003
../data/train/7761492296502575141,0.0002,0.0998,0.1
../data/train/2446200988518695476,0.0001,0.0998,0.0999
../data/train/5134978896186288330,0.0002,0.0998,0.1
../data/train/1292768973970221654,0.0005,0.0998,0.1003
../data/train/2056894747748410535,0.0002,0.0998,0.1
../data/train/7328757566102744874,0.0002,0.0998,0.1
../data/train/2678488283318426951,0.0005,0.0998,0.1003
../data/validation/2175560254054684210,0.0002,0.0998,0.0999
../data/validation/2159488910740367713,0.0002,0.0998,0.1
../data/train/380022979751870254,0.0006,0.0998,0.1004
../data/train/3967637228234238292,0.0001,0.0998,0.0999
../data/train/1490059920504718587,0.0004,0.0998,0.1003
../data/train/5140709020711830139,0.0002,0.0998,0.1
../data/train/1490005517674935973,0.0002,0.0998,0.0999
../data/train/8626578881190980154,0.001,0.0998,0.1009
../data/train/5830553521674667378,0.0002,0.0998,0.1
../data/train/7243825988973596697,0.0003,0.0998,0.1001
../data/train/5165586234178944728,0.0002,0.0998,0.1001
../data/train/7759316623350375472,0.0011,0.0998,0.1009
../data/validation/4759140571195452514,0.0002,0.0998,0.1
../data/train/1861725054056765632,0.0003,0.0998,0.1001
../data/train/1910460038112202244,0.0038,0.0998,0.1036
../data/train/3352500021206633940,0.0004,0.0998,0.1002
../data/train/5964192050151583837,0.0002,0.0998,0.1
../data/train/7913604493799797646,0.0002,0.0998,0.1
../data/train/7336743113899910165,0.0002,0.0998,0.1
../data/train/6119187808033242634,0.0002,0.0998,0.1
../data/train/6583882432688131140,0.0002,0.0998,0.1
../data/train/5134650377733484666,0.0003,0.0998,0.1001
../data/train/149286511267173470,0.0003,0.0998,0.1001
../data/validation/2077631575032323515,0.0003,0.0998,0.1001
../data/train/8392022600286824659,0.0008,0.0998,0.1006
../data/train/5122215884465460932,0.0004,0.0998,0.1002
../data/train/2408975585346139129,0.0002,0.0998,0.1
../data/train/1301568651766409891,0.0007,0.0998,0.1005
../data/train/8615166453602191492,0.0006,0.0998,0.1004
../data/train/5846486896202871998,0.0013,0.0998,0.1012
../data/train/2025098102766235775,0.0003,0.0998,0.1001
../data/train/8443915190215904823,0.0002,0.0998,0.1
../data/train/3100030261539450060,0.0003,0.0998,0.1001
../data/train/3087106457120384369,0.0002,0.0998,0.1
../data/train/1850555126773044958,0.0002,0.0998,0.1
../data/train/7325947937836473592,0.0001,0.0998,0.0999
../data/train/4591508212575724777,0.0002,0.0998,0.1
../data/train/4768448843299725771,0.0013,0.0998,0.1011
../data/train/127527614884703053,0.0003,0.0998,0.1001
../data/train/3345840125771689023,0.0003,0.0998,0.1002
../data/train/9155979547098748557,0.0015,0.0999,0.1014
../data/train/6010196555988121266,0.0004,0.0999,0.1002
../data/train/9166834057606866630,0.0008,0.0999,0.1007
../data/train/9166538510416894626,0.0005,0.0999,0.1004
../data/train/5466381019807387489,0.0004,0.0999,0.1003
../data/train/5669851146923348792,0.0007,0.0999,0.1006
../data/validation/5573596633460403812,0.0007,0.0999,0.1006
../data/train/6838687557490801536,0.0003,0.0999,0.1002
../data/train/183768531394636781,0.0004,0.0999,0.1003
../data/train/6003076590517217150,0.0008,0.0999,0.1007
../data/train/7146257243040115798,0.0003,0.0999,0.1002
../data/train/1223918565635404348,0.0007,0.0999,0.1006
../data/train/5998166525432037955,0.0005,0.0999,0.1004
../data/train/4217347569584924279,0.0005,0.0999,0.1004
../data/train/4782783566159500323,0.0004,0.0999,0.1003
../data/train/3666671566332385945,0.0002,0.0999,0.1001
../data/train/3094051442817245075,0.0006,0.0999,0.1005
../data/train/1726696885878058776,0.0022,0.0999,0.1022
../data/train/365047134915646277,0.0007,0.0999,0.1006
../data/train/4281237791474206985,0.0005,0.0999,0.1004
../data/train/1274217309847258022,0.0005,0.0999,0.1004
../data/train/2045142837970069562,0.0006,0.0999,0.1005
../data/train/1680695504512618997,0.0004,0.0999,0.1003
../data/validation/9159328643714950318,0.0004,0.0999,0.1003
../data/train/6833053182132133262,0.0008,0.0999,0.1007
../data/train/855791118207380172,0.0004,0.0999,0.1003
../data/train/627974071430353759,0.0004,0.0999,0.1003
../data/train/3531069910856033794,0.0008,0.0999,0.1006
../data/train/4383308268097028060,0.0003,0.0999,0.1002
../data/train/7829732747473081199,0.0025,0.0999,0.1024
../data/train/2559262649097972277,0.0022,0.0999,0.1021
../data/train/6844029508054388172,0.0004,0.0999,0.1004
../data/train/217255253055395866,0.0003,0.0999,0.1001
../data/train/6847062124383076377,0.001,0.0999,0.1009
../data/train/3909945760422971044,0.0007,0.0999,0.1006
../data/train/9042372718221296562,0.0003,0.0999,0.1002
../data/train/3243151598518510265,0.0005,0.0999,0.1004
../data/train/7157853524823139559,0.0006,0.0999,0.1005
../data/train/2925788767991878743,0.0006,0.0999,0.1005
../data/train/9175880718388651258,0.0003,0.0999,0.1002
../data/train/4792086355519759054,0.0008,0.0999,0.1006
../data/train/8071398897946528946,0.0005,0.0999,0.1004
../data/train/6698780603759096761,0.0008,0.0999,0.1008
../data/train/3179002003712255773,0.0004,0.0999,0.1003
../data/validation/3810913652257967217,0.0003,0.0999,0.1002
../data/train/7166887661188449097,0.0008,0.0999,0.1007
../data/train/2045946290430522582,0.001,0.0999,0.1009
../data/train/8769176631880414288,0.0004,0.0999,0.1003
../data/train/7273938191373012963,0.0007,0.0999,0.1006
../data/train/4038693958207775023,0.0004,0.0999,0.1003
../data/train/3914895558376345552,0.0006,0.0999,0.1005
../data/train/3399611218300217520,0.0009,0.0999,0.1008
../data/train/2046920103813537546,0.0007,0.0999,0.1007
../data/train/1682592779786685341,0.0009,0.0999,0.1009
../data/train/7829846293321768429,0.0018,0.0999,0.1017
../data/train/5686410868284870150,0.0004,0.0999,0.1003
../data/train/217212953901953965,0.0003,0.0999,0.1002
../data/train/2720145033981018498,0.0003,0.0999,0.1002
../data/train/478733201392251778,0.0004,0.0999,0.1003
../data/train/7258328477920930569,0.0006,0.0999,0.1005
../data/train/3091921081077702647,0.0015,0.0999,0.1014
../data/train/3978182059566168835,0.0007,0.0999,0.1006
../data/train/9111298099309546887,0.0008,0.0999,0.1007
../data/train/2182836355929703933,0.0005,0.0999,0.1004
../data/train/8183551258440774565,0.0005,0.0999,0.1004
../data/train/5573864909638316678,0.0003,0.0999,0.1002
../data/train/6260314952954041580,0.0003,0.0999,0.1002
../data/train/2698160291732089894,0.0005,0.0999,0.1004
../data/validation/431513586318556919,0.0012,0.0999,0.1011
../data/train/2667418015263421156,0.0006,0.0999,0.1005
../data/train/8681438480481822680,0.0005,0.0999,0.1004
../data/train/2699546411323137322,0.0007,0.0999,0.1006
../data/train/6768255172961301162,0.0011,0.0999,0.101
../data/train/269990919051535241,0.0012,0.0999,0.1012
../data/train/1842687531218871097,0.0004,0.0999,0.1003
../data/train/6803268095535161474,0.0008,0.0999,0.1007
../data/train/5986975444941545899,0.0003,0.0999,0.1002
../data/train/6764305098765729070,0.0005,0.0999,0.1004
../data/train/624263041138075333,0.0005,0.0999,0.1003
../data/train/6810497159859829589,0.0013,0.0999,0.1011
../data/train/1698572326673136569,0.0003,0.0999,0.1002
../data/train/7799624973185372156,0.0011,0.0999,0.101
../data/train/3595062651259662365,0.0006,0.0999,0.1005
../data/train/8532897455929485585,0.0003,0.0999,0.1002
../data/train/3555696842194912939,0.0003,0.0999,0.1002
../data/train/9089462450436449774,0.001,0.0999,0.1009
../data/train/6776110665440196868,0.0013,0.0999,0.1012
../data/train/1662530626984686091,0.0015,0.0999,0.1014
../data/validation/5222553111874314819,0.0007,0.0999,0.1006
../data/validation/4669697723126872416,0.0011,0.0999,0.101
../data/validation/4400114947858812114,0.0003,0.0999,0.1001
../data/train/3378298714857307839,0.0003,0.0999,0.1002
../data/train/4326677509020954479,0.0007,0.0999,0.1006
../data/train/7736550576638157629,0.001,0.0999,0.1009
../data/train/4883148189127334081,0.0002,0.0999,0.1001
../data/train/9106999695882099971,0.0008,0.0999,0.1007
../data/train/3962861059184039179,0.0003,0.0999,0.1002
../data/train/9108461556724946186,0.0002,0.0999,0.1001
../data/train/8118183457996354931,0.0006,0.0999,0.1006
../data/train/1343802642181881977,0.0014,0.0999,0.1013
../data/train/8543320575500167576,0.0005,0.0999,0.1003
../data/train/2950452542436079322,0.001,0.0999,0.1009
../data/train/3997827613033060791,0.0024,0.0999,0.1023
../data/train/4351291787635951736,0.0005,0.0999,0.1003
../data/train/1718716294155992023,0.0004,0.0999,0.1003
../data/train/3539510717852759294,0.0009,0.0999,0.1008
../data/train/4824067726745470541,0.0003,0.0999,0.1001
../data/train/186462420707260429,0.0004,0.0999,0.1003
../data/train/2555966780388568988,0.0006,0.0999,0.1005
../data/train/3540199565652144233,0.0002,0.0999,0.1001
../data/train/3539381436845688460,0.0006,0.0999,0.1005
../data/train/255613327771182043,0.0011,0.0999,0.101
../data/train/3576563701354462426,0.0003,0.0999,0.1001
../data/train/4821415327502851751,0.0016,0.0999,0.1015
../data/train/2375626243762379736,0.0003,0.0999,0.1002
../data/train/8377000770981591932,0.0006,0.0999,0.1004
../data/train/4928442809084502595,0.0004,0.0999,0.1004
../data/train/1881447211010091698,0.0029,0.0999,0.1029
../data/validation/409386381453506910,0.0011,0.0999,0.1009
../data/train/3192263247127725447,0.0004,0.0999,0.1004
../data/train/49188148121808887,0.0006,0.0999,0.1005
../data/validation/5127017725002298218,0.0006,0.0999,0.1005
../data/train/3968117650371878632,0.0007,0.0999,0.1006
../data/train/6819772091199863527,0.0005,0.0999,0.1004
../data/train/4834522723532093949,0.0012,0.0999,0.1012
../data/train/5660788480503528462,0.0003,0.0999,0.1002
../data/validation/4222291314771715313,0.0006,0.0999,0.1006
../data/train/7181434378644008854,0.0002,0.0999,0.1001
../data/train/6236877025542343240,0.0004,0.0999,0.1003
../data/validation/9069085390192700813,0.0004,0.0999,0.1003
../data/train/6470712920935383684,0.0003,0.0999,0.1002
../data/train/549403153101499825,0.0006,0.0999,0.1005
../data/train/8143193323835790324,0.0006,0.0999,0.1005
../data/train/1328188677473197560,0.0007,0.0999,0.1006
../data/train/5583249223968799627,0.0006,0.0999,0.1005
../data/train/3579219949334111773,0.0015,0.0999,0.1014
../data/train/914301513842536563,0.0009,0.0999,0.1008
../data/train/3384414492773180099,0.0005,0.0999,0.1003
../data/train/8719856927841719061,0.0011,0.0999,0.101
../data/train/3402772693950098142,0.0007,0.0999,0.1006
../data/train/1596987579618517950,0.0004,0.0999,0.1002
../data/train/985232280291526299,0.0016,0.0999,0.1015
../data/train/4602613830898582655,0.0003,0.0999,0.1002
../data/train/4158802976753925436,0.0002,0.0999,0.1001
../data/train/5802358212610429178,0.0003,0.0999,0.1002
../data/train/8298292821708002567,0.0005,0.0999,0.1003
../data/train/2995356708628174840,0.0006,0.0999,0.1005
../data/train/6338459445938089772,0.0004,0.0999,0.1002
../data/train/1547026526939026296,0.0007,0.0999,0.1007
../data/train/2597285030141242843,0.0004,0.0999,0.1004
../data/train/8470729753352848079,0.0004,0.0999,0.1003
../data/train/1123732328679673294,0.0004,0.0999,0.1003
../data/train/8258634331258636389,0.001,0.0999,0.1009
../data/train/5271924901091125642,0.0009,0.0999,0.1008
../data/train/2820529228351340099,0.0007,0.0999,0.1006
../data/train/2443519898687725487,0.0016,0.0999,0.1016
../data/train/1803073622251799336,0.0006,0.0999,0.1006
../data/train/3805074737563470732,0.0005,0.0999,0.1005
../data/train/6107742694376599299,0.0015,0.0999,0.1014
../data/validation/2037697183760815618,0.0003,0.0999,0.1002
../data/train/6161330890374660489,0.0003,0.0999,0.1002
../data/train/8910676258400359831,0.0003,0.0999,0.1001
../data/train/7380647150260569422,0.0002,0.0999,0.1001
../data/train/5854783922995505183,0.0005,0.0999,0.1005
../data/train/2272871838590838299,0.0005,0.0999,0.1004
../data/train/4134048204300128634,0.0005,0.0999,0.1004
../data/train/7343524051489848920,0.0009,0.0999,0.1008
../data/train/5171763585425639269,0.0003,0.0999,0.1002
../data/train/4094287081321074096,0.0003,0.0999,0.1002
../data/train/969916469819023970,0.0004,0.0999,0.1003
../data/train/2798427475285718788,0.0005,0.0999,0.1003
../data/validation/157778554661912416,0.0007,0.0999,0.1006
../data/validation/2653229616086638713,0.0005,0.0999,0.1003
../data/train/3737936714246412954,0.0006,0.0999,0.1004
../data/train/7927247435594864835,0.0005,0.0999,0.1004
../data/train/2003754853016122487,0.0005,0.0999,0.1004
../data/train/1811311780965165064,0.0006,0.0999,0.1005
../data/train/209288117450431096,0.0002,0.0999,0.1001
../data/validation/261569982519063910,0.0011,0.0999,0.101
../data/train/4532561547032336744,0.0003,0.0999,0.1002
../data/train/8581685301618355475,0.0007,0.0999,0.1006
../data/train/508433819882274889,0.0003,0.0999,0.1002
../data/train/2829674553563934229,0.0014,0.0999,0.1013
../data/train/1370138410243897125,0.0005,0.0999,0.1004
../data/train/5857073736785750826,0.0011,0.0999,0.101
../data/train/1184450083466230265,0.0006,0.0999,0.1005
../data/train/5119676630802410951,0.0007,0.0999,0.1006
../data/validation/2345010114076742715,0.0005,0.0999,0.1004
../data/train/7332528165333731342,0.0004,0.0999,0.1003
../data/train/5218397956883527095,0.0004,0.0999,0.1003
../data/train/3815313573763857551,0.0006,0.0999,0.1005
../data/train/6989256350721014258,0.0008,0.0999,0.1006
../data/train/4509601437591864051,0.0005,0.0999,0.1003
../data/train/7329019842745344859,0.001,0.0999,0.1009
../data/train/2461183865670535683,0.0003,0.0999,0.1002
../data/validation/2137289049022536114,0.0008,0.0999,0.1007
../data/train/5140754127692673069,0.0004,0.0999,0.1003
../data/train/2460270252287442088,0.001,0.0999,0.1009
../data/train/7002744772880571284,0.0009,0.0999,0.1008
../data/train/5143167120660465558,0.0005,0.0999,0.1004
../data/train/7364937888750805371,0.0006,0.0999,0.1005
../data/train/1515919796350357940,0.0002,0.0999,0.1001
../data/train/45607936615499647,0.0012,0.0999,0.1011
../data/train/3777241104187609765,0.0004,0.0999,0.1003
../data/validation/209283070754464712,0.0002,0.0999,0.1001
../data/train/2610097288760039193,0.0007,0.0999,0.1006
../data/train/5794420462522054533,0.0019,0.0999,0.1019
../data/train/3821805318886967894,0.0006,0.0999,0.1005
../data/train/2109254086182529690,0.0005,0.0999,0.1004
../data/validation/1286875676171050619,0.0014,0.0999,0.1013
../data/train/3786583033842319961,0.0009,0.0999,0.1008
../data/train/1457724398784743664,0.0004,0.0999,0.1003
../data/train/2469390254164456360,0.0004,0.0999,0.1003
../data/train/5841959900089255288,0.0002,0.0999,0.1001
../data/train/3759601622870292653,0.0003,0.0999,0.1002
../data/validation/736231716120790815,0.0003,0.0999,0.1002
../data/train/6157890075596441166,0.0008,0.0999,0.1007
../data/train/6964215523380718850,0.0007,0.0999,0.1006
../data/train/6628624060814805093,0.0006,0.0999,0.1006
../data/train/232172774299020030,0.0003,0.0999,0.1001
../data/train/2287944912139537249,0.0005,0.0999,0.1004
../data/train/5126997012941816489,0.0003,0.0999,0.1002
../data/train/2319747724062812182,0.001,0.0999,0.101
../data/train/4114409793574804165,0.0015,0.0999,0.1014
../data/train/5132245058636675149,0.0005,0.0999,0.1004
../data/train/2289318072804805975,0.0005,0.0999,0.1003
../data/train/3771631410471414937,0.0061,0.0999,0.106
../data/train/1479036937856347275,0.0006,0.0999,0.1005
../data/train/5137113534881283892,0.0019,0.0999,0.1018
../data/train/7039135465683798029,0.0005,0.0999,0.1004
../data/train/5835938944989717096,0.0003,0.0999,0.1002
../data/train/3305689057615181624,0.0007,0.0999,0.1006
../data/train/3848565055073359796,0.0029,0.0999,0.1028
../data/train/2263857748288338692,0.0007,0.0999,0.1006
../data/validation/8148762842464611919,0.0005,0.0999,0.1004
../data/train/2245982367105514540,0.0006,0.0999,0.1005
../data/train/499558745201531661,0.0003,0.0999,0.1001
../data/train/5812389417639134036,0.0004,0.0999,0.1003
../data/train/4051251073827285163,0.0007,0.0999,0.1006
../data/train/4419945164868896437,0.0017,0.0999,0.1017
../data/train/5186092540379718024,0.0003,0.0999,0.1001
../data/train/4997225891115751335,0.0009,0.0999,0.1008
../data/validation/1660619172490339810,0.0016,0.0999,0.1015
../data/validation/3373700671765257413,0.0005,0.0999,0.1004
../data/train/1594606226344739630,0.0004,0.0999,0.1003
../data/train/5715545566729321173,0.0004,0.0999,0.1003
../data/train/1391687199957855334,0.0003,0.0999,0.1002
../data/train/5885075007243720247,0.0011,0.0999,0.1011
../data/train/6689714383942840777,0.0004,0.0999,0.1002
../data/train/4431266011290181740,0.0006,0.0999,0.1005
../data/train/1079516334202361531,0.0021,0.0999,0.102
../data/train/2344436126139952547,0.0003,0.0999,0.1001
../data/validation/2693860474586857615,0.0008,0.0999,0.1007
../data/train/1500065181521592880,0.0004,0.0999,0.1003
../data/train/2748583149913458564,0.0006,0.0999,0.1005
../data/train/7591348669209315570,0.001,0.0999,0.1009
../data/train/1921397541848036888,0.0005,0.0999,0.1005
../data/train/2877846755669599147,0.0006,0.0999,0.1005
../data/train/191981737922919086,0.0018,0.0999,0.1017
../data/train/6696325900840524621,0.0002,0.0999,0.1001
../data/train/6859833115544761339,0.0006,0.0999,0.1005
../data/train/3407990381662403329,0.0006,0.0999,0.1005
../data/train/896855245557169032,0.0004,0.0999,0.1003
../data/train/6695236192486943170,0.0009,0.0999,0.1009
../data/train/4039707061990102437,0.0007,0.0999,0.1006
../data/train/4041292157946097128,0.0008,0.0999,0.1007
../data/train/2795620546597132866,0.0003,0.0999,0.1002
../data/train/3672479406362659585,0.0006,0.0999,0.1005
../data/train/3675887216684410056,0.0003,0.0999,0.1002
../data/validation/5751149956936371113,0.0004,0.0999,0.1003
../data/train/8866468747481246980,0.0004,0.0999,0.1003
../data/train/1914533798216912356,0.0008,0.0999,0.1007
../data/train/2429017225707976542,0.0003,0.0999,0.1002
../data/train/8415696080879297249,0.0007,0.0999,0.1006
../data/train/4989841367546016446,0.0017,0.0999,0.1016
../data/train/5414324646447969626,0.0006,0.0999,0.1005
../data/train/5177950885318967037,0.0006,0.0999,0.1005
../data/validation/3245223643305813911,0.0003,0.0999,0.1001
../data/train/8948076155901081264,0.0003,0.0999,0.1001
../data/train/3698242541840194625,0.0003,0.0999,0.1002
../data/train/5034725339629322143,0.0006,0.0999,0.1005
../data/train/2643784922979300684,0.0004,0.0999,0.1003
../data/train/7302323418458093367,0.0003,0.0999,0.1002
../data/validation/2874618480475675216,0.0003,0.0999,0.1002
../data/train/7304463467452199020,0.0005,0.0999,0.1004
../data/validation/6168249215903404710,0.001,0.0999,0.1009
../data/train/5188922182265887843,0.0013,0.0999,0.1012
../data/train/6912393813957347237,0.0007,0.0999,0.1006
../data/train/7864464635587249226,0.0018,0.0999,0.1017
../data/train/6666968597896233328,0.0013,0.0999,0.1012
../data/train/4173680462695149944,0.0006,0.0999,0.1005
../data/train/8426362772260471754,0.0015,0.0999,0.1015
../data/train/617198038562845425,0.0003,0.0999,0.1002
../data/train/2262141074572412522,0.0003,0.0999,0.1001
../data/train/1570979462297423227,0.0003,0.0999,0.1001
../data/train/3168448033869581547,0.0004,0.0999,0.1003
../data/train/7876897893364093969,0.0003,0.0999,0.1001
../data/train/5067086910247015737,0.0014,0.0999,0.1014
../data/train/2483215875668320557,0.0003,0.0999,0.1002
../data/train/3870768493658715531,0.0004,0.0999,0.1003
../data/train/1417252750523156996,0.0006,0.0999,0.1004
../data/train/3268328062744664750,0.0006,0.0999,0.1005
../data/train/4670220516865026932,0.0003,0.0999,0.1002
../data/train/6890839808727448432,0.001,0.0999,0.1009
../data/train/4434364355854018784,0.0013,0.0999,0.1013
../data/validation/3230980629484442411,0.001,0.0999,0.101
../data/train/8944193494436601377,0.0005,0.0999,0.1003
../data/train/6892033857992160744,0.0009,0.0999,0.1009
../data/train/4549466446246046247,0.0003,0.0999,0.1002
../data/train/1582370960997299879,0.0005,0.0999,0.1004
../data/train/5357595204531436945,0.0032,0.0999,0.1031
../data/train/4180902680761200226,0.0003,0.0999,0.1001
../data/train/2857965690898974793,0.001,0.0999,0.1009
../data/train/5730908960338806545,0.0007,0.0999,0.1006
../data/train/6079822257097806546,0.0005,0.0999,0.1003
../data/train/2974434191885209141,0.0007,0.0999,0.1005
../data/train/769371904607211041,0.0018,0.0999,0.1016
../data/validation/7869401056039005010,0.0006,0.0999,0.1005
../data/train/2796986904585152589,0.0005,0.0999,0.1004
../data/train/6416323327566331252,0.0007,0.0999,0.1006
../data/train/2298961012802429871,0.001,0.0999,0.101
../data/train/8716659574594778345,0.0038,0.1,0.1037
../data/train/8523594310126720437,0.0011,0.1,0.1011
../data/train/7344935553655346625,0.0008,0.1,0.1007
../data/train/7537110532742031857,0.0018,0.1,0.1018
../data/train/1511594249019595383,0.0019,0.1,0.1019
../data/train/1280941849044257396,0.0017,0.1,0.1017
../data/train/8153052889216038936,0.0008,0.1,0.1008
../data/train/5692284787307859069,0.0008,0.1,0.1007
../data/train/1690630865214490760,0.0009,0.1,0.1008
../data/validation/4211885023991029914,0.0014,0.1,0.1013
../data/train/1187528455773979331,0.0049,0.1,0.1049
../data/train/5357713588840058862,0.0093,0.1,0.1093
../data/train/8992429094332541582,0.0013,0.1,0.1012
../data/train/1749035374286131969,0.0013,0.1,0.1013
../data/train/1595008208127698499,0.0011,0.1,0.1011
../data/train/5659700193955326761,0.0013,0.1,0.1013
../data/train/7704468428327965049,0.001,0.1,0.1009
../data/train/7126525045481422720,0.0011,0.1,0.1011
../data/train/5678945946006284287,0.0013,0.1,0.1012
../data/validation/5644499949408336412,0.001,0.1,0.101
../data/train/5422535270588436630,0.0008,0.1,0.1008
../data/train/6212960841743805351,0.0026,0.1,0.1025
../data/train/2500390638733873149,0.0014,0.1,0.1014
../data/train/5710148080347308297,0.0013,0.1,0.1012
../data/train/837481821727803057,0.0016,0.1,0.1016
../data/train/1428714963551147263,0.0021,0.1,0.1021
../data/train/5312120782509849641,0.0013,0.1,0.1013
../data/train/1516893625536149130,0.0012,0.1,0.1012
../data/train/1775261217777999543,0.0022,0.1,0.1021
../data/train/4771149764547385236,0.0027,0.1,0.1027
../data/train/1874632324581623138,0.0021,0.1,0.1021
../data/train/1667162139855188577,0.0022,0.1,0.1022
../data/train/750792414685345261,0.0037,0.1,0.1037
../data/train/7807309590349523766,0.0014,0.1,0.1014
../data/train/601896707915910394,0.001,0.1,0.1009
../data/train/7381169376383873678,0.0009,0.1,0.1008
../data/train/33763174908501845,0.0013,0.1,0.1013
../data/train/6948924500487618140,0.0016,0.1,0.1016
../data/train/7489007165173733327,0.0008,0.1,0.1008
../data/validation/7690038934610824215,0.0019,0.1,0.1019
../data/train/1644734281504748124,0.0011,0.1,0.101
../data/validation/454082189450276611,0.001,0.1,0.1009
../data/validation/1766098420101542716,0.0028,0.1,0.1028
